<application>
  <component name="CodeFoldingSettings">
    <option name="COLLAPSE_METHODS" value="true" />
    <option name="COLLAPSE_DOC_COMMENTS" value="true" />
    <option name="COLLAPSE_CUSTOM_FOLDING_REGIONS" value="true" />
  </component>
  <component name="DaemonCodeAnalyzerSettings">
    <option name="SHOW_METHOD_SEPARATORS" value="true" />
  </component>
  <component name="JavaCodeFoldingSettings">
    <option name="collapseAccessors" value="true" />
    <option name="collapseAnnotations" value="true" />
    <option name="collapseAnonymousClasses" value="true" />
    <option name="collapseEndOfLineComments" value="true" />
    <option name="collapseInnerClasses" value="true" />
  </component>
  <component name="XmlFoldingSettings">
    <option name="COLLAPSE_XML_TAGS" value="true" />
  </component>
</application>